INSERT INTO projects (id, title, category, funding_goal, start_date, end_date) VALUES
(1, 'project1', 'music', 101, '10/01/2017', '10/02/2017'),
(2, 'project2', 'books', 102, '10/02/2017', '10/03/2017'),
(3, 'project3', 'wind', 103, '10/03/2017', '10/04/2017'),
(4, 'project4', 'water', 104, '10/04/2017', '10/05/2017'),
(5, 'project5', 'fire', 105, '10/05/2017', '10/06/2017'),
(6, 'project6', 'wind', 106, '10/06/2017', '10/07/2017'),
(7, 'project7', 'earth', 107, '10/07/2017', '10/08/2017'),
(8, 'project8', 'water', 108, '10/08/2017', '10/09/2017'),
(9, 'project9', 'love', 109, '10/09/2017', '10/10/2017'),
(10, 'project10', 'planet', 110, '10/10/2017', '10/11/2017');

INSERT INTO users (id, name, age) VALUES
(1, 'bobby1', 11),
(2, 'bobby2', 12),
(3, 'bobby3', 13),
(4, 'bobby4', 14),
(5, 'bobby5', 15),
(6, 'bobby6', 16),
(7, 'bobby7', 17),
(8, 'bobby8', 18),
(9, 'bobby9', 19),
(10, 'bobby10', 20),
(11, 'bobby11', 21),
(12, 'bobby12', 22),
(13, 'bobby13', 23),
(14, 'bobby14', 24),
(15, 'bobby15', 25),
(16, 'bobby16', 26),
(17, 'bobby17', 27),
(18, 'bobby18', 28),
(19, 'bobby19', 29),
(20, 'bobby20', 30);

INSERT INTO pledges (id, amount, user_id, project_id) VALUES
(1, 1, 11, 1),
(2, 2, 12, 1),
(3, 3, 13, 1),
(4, 4, 14, 1),
(5, 5, 15, 1),
(6, 6, 16, 1),
(7, 7, 17, 1),
(8, 8, 18, 2),
(9, 9, 19, 2),
(10, 10, 20, 2),
(11, 11, 21, 2),
(12, 12, 22, 2),
(13, 13, 23, 2),
(14, 14, 24, 3),
(15, 15, 25, 4),
(16, 16, 26, 5),
(17, 17, 27, 6),
(18, 18, 28, 7),
(19, 19, 29, 8),
(20, 20, 30, 9),
(21, 21, 11, 10),
(22, 22, 12, 10),
(23, 23, 13, 10),
(24, 24, 14, 10),
(25, 25, 15, 3),
(26, 26, 16, 4),
(27, 27, 17, 5),
(28, 28, 18, 6),
(29, 29, 19, 7),
(30, 30, 20, 8);
